Mexico,,Israel,,U.S.,,France,,Canada,,Hungary,,Norway,,E.U,,East Asia & South Pacific,,Latin America & Carribean,,South Asia,,Middle East & North Africa,,Eastern & South Africa,,Central & West Africa,
X,Y,X,Y,X,Y,X,Y,X,Y,X,Y,X,Y,X,Y,X,Y,X,Y,X,Y,X,Y,X,Y,X,Y
1960/06,6.693002741422003,1960/05,3.802577821011673,1960/04,3.588315794128051,1960/08,2.798865847187832,1960/05,3.7379974354439334,1961/07,1.829556508666431,1965/06,2.8797422178988326,1960/09,2.514591439688716,1960/03,4.484192607003891,1960/06,5.794309338521401,1962/10,6.101367947470818,1960/08,6.92295719844358,1961/03,6.730423151750974,1961/12,6.425024319066148
1961/01,6.70386673151751,1961/01,3.795938715953308,1960/12,3.568398478952954,1961/04,2.8169724973470105,1961/01,3.7005770251149634,1962/01,1.738764591439688,1991/11,1.8174854085603114,1961/05,2.514591439688716,1961/04,4.227480544747082,1961/02,5.7840489034311995,1963/11,6.069530420940927,1961/02,6.89829766536965,1961/10,6.7249911567032195,1962/07,6.431663424124514
1961/09,6.715334276618323,1961/08,3.795938715953308,1961/08,3.49838609833746,1961/12,2.8169724973470105,1961/08,3.6577246197382385,1963/06,1.7541121330031837,1996/08,1.8042071984435797,1961/12,2.5097629996462683,1961/07,4.444357976653697,1961/06,5.774392023346303,1964/07,6.0586664308454194,1962/01,6.945087548638133,1962/05,6.705342088197147,1963/03,6.431663424124514
1962/05,6.7292160417403615,1962/04,3.786885390873718,1962/03,3.3915568623983026,1962/07,2.817576052352317,1962/04,3.611250884329678,1964/02,1.7776507782101172,1997/07,1.7643725680933855,1962/08,2.5139878846834103,1961/09,4.583779182879377,1962/06,5.727918287937744,1965/03,6.0284886805801206,1962/07,6.970537451361868,1963/02,6.6905885214007785,1963/11,6.437095419172268
1962/12,6.740080031835869,1962/12,3.782660505836576,1962/11,3.2986093915811816,1963/03,2.8260258224266,1962/12,3.566587813937036,1964/07,1.7776507782101172,1998/08,1.7975680933852143,1963/02,2.521230544747082,1961/10,4.860162667531345,1964/01,5.691403210116732,1965/10,6.010744163424125,1965/01,6.911489653342767,1963/06,6.6905885214007785,1964/03,6.43830252918288
1963/08,6.7521511319419885,1963/07,3.769985850725151,1963/07,3.2183365758754867,1963/11,2.8199902723735413,1963/07,3.495368323310931,1966/03,1.8573200389105056,2000/09,1.7378161478599221,1964/01,2.5477869649805447,1961/09,4.725413424124514,1966/01,5.516415369649806,1966/06,5.966322515033605,1965/09,6.880708348072162,1966/05,6.70084895649098,1965/12,6.476326494517156
1964/04,6.756979571984436,1964/03,3.7651574106827024,1964/02,3.1253891050583658,1964/06,2.8036942872302797,1964/02,3.38947795071336,1967/11,2.007001680226388,2001/10,1.6847033073929962,1964/09,2.5391561284046693,1961/11,5.098863083657588,1966/11,5.462354085603113,1967/02,5.95063008489565,1966/05,6.869014469844359,1966/12,6.724732490272374,1966/07,6.497450919702866
1964/11,6.751547576936683,1964/11,3.7561040856031127,1964/09,2.9734273670557716,1964/12,2.785466926070039,1964/08,3.2496352140077818,1968/06,2.0048557068741895,2002/08,1.7378161478599221,1966/07,2.5849659533073934,1962/02,5.283098249027238,1967/07,5.419199902723736,1967/11,5.920452334630351,1966/11,6.850875486381323,1967/08,6.761958900778211,1967/03,6.5089184648036795
1965/07,6.7376658118146455,1965/06,3.750068535550054,1965/04,2.8242151574106824,1966/06,2.7330179961089494,1965/01,3.102626459143969,1968/11,1.97682392996109,2003/04,1.771011673151751,1966/12,2.574343385214008,1962/03,5.774392023346303,1969/05,5.229985408560312,1968/06,5.888205252918288,1967/09,6.815071741245137,1968/04,6.776896887159534,1967/09,6.542631322957199
1966/03,6.7177484966395475,1966/02,3.742825875486382,1965/12,2.700486381322957,1967/01,2.698675716307039,1965/06,2.959411478599222,1970/05,1.9062079943402903,2003/12,1.790928988326848,1968/04,2.4747568093385217,1962/03,5.457928015564203,1970/11,5.133054474708171,1969/03,5.835954633887514,1969/03,6.76844711708525,1968/12,6.770257782101168,1968/07,6.591950389105059
1966/10,6.696020516448533,1966/10,3.73256544039618,1966/07,2.5894322603466575,1967/09,2.6624624159886805,1965/10,2.8177772373540853,1970/11,1.8971546692607006,2005/08,1.8374027237354085,1968/11,2.441561284046693,1962/05,6.013399805447471,1973/05,4.930277237354086,1970/05,5.787670233463036,1969/08,6.756979571984436,1969/08,6.770257782101168,1969/05,6.590053501945526
1967/06,6.670067651220376,1967/05,3.72954766536965,1967/03,2.4952776795189253,1968/04,2.621420675627874,1968/02,2.328696498054475,1973/12,2.186619649805448,2007/06,1.883876459143969,1969/10,2.3795963035019456,1963/03,6.246875000000001,1976/04,4.5089785992217895,1976/12,5.357456225680934,1976/07,6.282585337813938,1970/03,6.770861337106474,1970/07,6.629629465864875
1968/01,6.638682790944465,1968/01,3.72954766536965,1967/11,2.4276795189246547,1968/12,2.5779647152458436,1968/10,2.295500972762646,1974/05,2.2623054474708173,2013/09,1.6913424124513616,1970/08,2.338655155642024,1964/01,5.995142266536965,1976/12,4.442346126636011,1977/10,5.2864178015564205,1977/03,6.255727140077822,1970/11,6.776896887159534,1971/03,6.629025910859569
1968/09,6.605487265652636,1968/09,3.7277370003537325,1968/06,2.4035373187124156,1969/07,2.5371643968871593,1969/05,2.259891227449593,1975/02,2.308779182879378,2014/09,1.6581468871595328,1972/07,2.235749027237354,1965/03,5.7526640431552885,1977/06,4.393458171206226,1978/02,5.229985408560312,1977/10,6.242147152458437,1971/07,6.757583126989743,1971/11,6.644718340997525
1969/05,6.562634860275911,1969/04,3.7162694552529185,1969/02,2.401726653696498,1970/03,2.49588123452423,1970/01,2.208589051998585,1981/01,1.8381404020752266,2015/07,1.6448686770428012,1973/12,2.1715710116731524,1965/09,5.635247446498055,1978/01,4.334812743190661,1980/07,5.044828145265889,1978/04,6.229170719844358,1972/02,6.756979571984436,1972/08,6.687932879377432
1969/12,6.5004686947293955,1969/12,3.7162694552529185,1969/10,2.4162119738238417,1971/05,2.379998673505483,1970/09,2.1421980014149273,1985/06,1.6714250972762645,2016/07,1.6116731517509724,1978/02,1.9849383916990915,1966/03,5.525794422827497,1978/10,4.244078307392996,1981/02,5.003518158236058,1980/02,6.179377431906616,1972/10,6.756979571984436,1973/02,6.718754421648391
1970/08,6.431663424124514,1970/08,3.7162694552529185,1970/05,2.3896555535903783,1972/10,2.2689445525291827,1971/03,2.0623024075875485,1990/02,1.8217102935974534,2017/02,1.551921206225681,1978/09,1.9677706048815002,1966/09,5.364980544747082,1979/06,4.184800583657588,1981/10,4.947823443579766,1980/10,6.141439688715954,1973/05,6.768266050583658,1973/10,6.749133356915459
1971/04,6.362254598514327,1971/03,3.7162694552529185,1970/12,2.252715629053178,1973/05,2.1995357269189952,1975/09,1.7687986381322958,1990/10,1.8241245136186768,2017/12,1.4988083657587552,1979/05,1.933971524584365,1967/05,5.41256079766537,1980/01,4.125404304474708,1982/06,4.905876370711002,1984/02,5.927091439688716,1975/02,6.773275557127698,1981/08,6.807879377431907
1971/11,6.282585337813938,1971/11,3.711441015210471,1970/12,7.792679961089495,1974/01,2.1361624513618676,1980/01,1.7046206225680933,1991/06,1.8055350194552533,2018/09,1.4722519455252918,1979/10,1.9104328793774323,1968/02,5.620862718871596,1980/08,4.0880593385214015,1983/01,4.859523346303503,1986/03,5.674805447470817,1975/09,6.776896887159534,1982/05,6.785346657233817
1972/07,6.199294747081712,1972/07,3.689713035019455,1971/07,2.108942120622568,1974/09,2.0745998408206585,1983/01,1.6448686770428012,1992/01,1.7386460359922182,2019/10,1.419139105058366,1982/08,1.7975680933852143,1968/09,5.576167315175098,1982/05,3.9353599221789883,1983/08,4.813049610894942,1989/10,4.932885457198443,1976/02,6.776896887159534,1983/01,6.770257782101168
1973/03,6.106347276264592,1973/02,3.639617969579059,1972/02,1.9605279448178274,1975/04,2.0214870003537317,1985/10,1.6080518217191369,1996/12,1.347316059426955,2020/12,1.4788910505836572,1984/05,1.7245379377431904,1969/03,5.468993190661479,1984/04,3.714941634241245,1984/04,4.758608949416343,1995/01,3.90659046692607,1978/04,6.6821387513264945,1983/09,6.741287141846481
1973/10,6.000725150336045,1973/10,3.592540679165193,1972/10,1.8645626989741775,1975/12,1.9683741598868059,1986/06,1.61951936681995,1997/07,1.3033236057068747,2022/01,1.3527480544747084,1985/05,1.6847033073929962,1970/04,5.376045719844358,1984/11,3.6591731517509727,1984/12,4.707709143968872,1995/07,3.7992582684824905,1978/12,6.6686794747081715,1984/04,6.70386673151751
1974/06,5.8769963742483196,1974/06,3.548481163777857,1973/05,1.810846303501946,1976/08,1.922503979483552,1986/10,1.6183122568093387,1999/12,1.2739086819066143,1960/05,2.875000000000001,1986/02,1.6847033073929962,1971/10,4.965369649805448,1985/10,3.609306095979248,1985/08,4.660682149805448,1996/04,3.5979726742129463,1979/07,6.6519610010611965,1984/12,6.664635656172622
1975/01,5.744214273081004,1975/01,3.50140387336399,1974/01,1.7854969932790938,1977/03,1.880858684117439,1988/03,1.6367542153047996,2004/10,1.2622148036788108,1960/12,2.875000000000001,1987/04,1.6460757870534133,1973/03,4.486405642023346,1986/05,3.580997689688716,1987/02,4.54018239299611,1996/11,3.5001967633533786,1980/03,6.628422355854263,1985/07,6.646106517509728
1975/09,5.619278386982668,1975/09,3.453723027944818,1974/09,1.7486801379554295,1977/11,1.848266713830916,1988/10,1.6861786640726324,2005/06,1.2676467987265658,1961/10,2.85625,1987/12,1.64064379200566,1975/03,3.8645428015564196,1987/01,3.5322714007782103,1987/11,4.475783073929961,1997/07,3.4301843827378846,1980/10,6.598244605588964,1985/12,6.637475680933853
1976/05,5.499774495932083,1976/05,3.4082149805447477,1975/04,1.7124668376370709,1978/07,1.8283493986558188,1989/12,1.767993898125221,2005/12,1.2920476653696502,1962/07,2.9125000000000005,1988/07,1.6382295719844358,1975/08,3.760530155642023,1987/07,3.5082441634241244,1988/06,4.43027502652989,1998/03,3.369225327201981,1981/06,6.588587725504068,1990/02,6.503745136186771
1976/12,5.379667049876194,1976/12,3.3619826671383093,1975/12,1.6901353024407504,1979/01,1.8288667315175093,1990/07,1.7437175745784694,2009/09,1.2236543450064854,1963/03,2.9125000000000005,1989/01,1.6183122568093387,1976/08,3.3843142023346307,1992/02,3.07227626459144,1988/11,4.406736381322958,1998/10,3.3073005836575877,1981/11,6.584362840466927,1990/11,6.472235732814527
1977/08,5.2764591439688715,1977/08,3.3245622568093385,1976/08,1.710656172621153,1983/04,1.8174854085603114,1991/04,1.6581468871595328,2010/07,1.1885810930314822,1964/03,2.95,1990/01,1.5942455009727627,1981/10,3.093668936446174,1992/11,3.0224829766536967,1992/03,4.101337548638132,1999/04,3.258171206225681,1983/01,6.5415774967574585,1991/05,6.443835116731518
1978/04,5.16419791298196,1978/03,3.2901596215068984,1977/03,1.7341948178280866,1983/08,1.8174854085603114,1991/11,1.650904227095861,2011/01,1.1987208171206225,1966/05,2.8187499999999996,1990/11,1.5585603112840465,1982/05,3.016950389105058,1993/08,2.9738967987265648,1994/03,4.017242217898834,2002/06,3.016950389105058,1983/09,6.515557569862045,1992/01,6.426352140077821
1978/11,5.008903210116731,1978/11,3.2539463211885398,1977/11,1.7154846126636007,1987/07,1.7676921206225682,1992/06,1.6390594601167319,2012/02,1.2996352140077825,1967/04,2.7250000000000005,1991/08,1.5173978599221787,1982/10,2.9029790856031132,1994/03,2.925008843296782,1994/12,3.9353599221789883,2003/05,2.9726896887159535,1984/04,6.48779403961797,1992/09,6.376890807392996
1979/06,4.864834630350195,1979/07,3.219543685886098,1978/07,1.7215201627166605,1988/05,1.7510943579766538,1993/10,1.6424544570215778,2014/05,1.4855301556420235,1968/07,2.7250000000000005,1992/03,1.4974805447470816,1984/02,2.7880018570923237,1994/11,2.8809493279094447,2004/11,3.1472033073929966,2004/02,2.9310443933498407,1984/12,6.464255394411037,1993/03,6.348010700389105
1980/02,4.721792094092678,1980/02,3.183933940573046,1979/02,1.7547156880084893,1988/12,1.7402303678811464,1994/05,1.632194021931376,2014/12,1.4855301556420235,1969/01,2.6125000000000007,1992/08,1.4855301556420235,1984/10,2.7723094269543687,1995/07,2.8513751326494523,2005/06,3.083743809692254,2004/10,2.9026773081004604,1985/08,6.4346811991510435,1999/06,5.964511850017686
1980/09,4.606513088079236,1980/10,3.146513530244075,1979/10,1.7800649982313406,1989/08,1.7269521577644147,1995/01,1.6201229218252564,2015/08,1.5037876945525293,1970/06,2.5,1994/01,1.419139105058366,1985/06,2.759031216837638,1996/02,2.817039559014267,2006/01,3.033648744251857,2005/05,2.8930204280155642,1986/03,6.417781659002477,1999/11,5.963606517509728
1981/05,4.502098072161302,1981/06,3.110903784931023,1980/06,1.780668553236647,1990/04,1.7142775026529895,1995/08,1.597791386628935,1960/02,2.0125,1971/09,2.3875,1996/02,1.396204014856738,1986/01,2.7765343119915107,1997/01,2.7897454604409857,2006/09,2.9829501238061544,2006/06,2.8717752918287935,1986/09,6.399416342412452,2003/08,5.92626155155642
1982/01,4.400097276264592,1981/12,3.0855544747081716,1981/01,1.7649761230986911,1990/11,1.7009992925362578,1996/04,1.5645958613371063,1960/11,1.9375,1973/03,2.2750000000000004,1996/10,1.3654227095861344,1986/07,2.7748443579766544,1997/09,2.7270428015564203,2007/05,2.937683498408207,2007/01,2.867671117792713,1994/06,5.927091439688716,2005/05,5.807587548638132
1982/08,4.3053391404315535,1982/09,3.0571873894587904,1981/09,1.767993898125221,1991/07,1.6901353024407504,1996/12,1.5259683409975242,1962/08,1.7875000000000005,1973/08,2.1625000000000005,1997/05,1.3593871595330738,1988/11,2.582310311284047,1998/05,2.6739299610894944,2007/12,2.9081093031482137,2007/09,2.8743102228510784,1996/02,5.7272543774319065,2006/01,5.790688008489566
1983/04,4.21118455960382,1983/05,3.0427020693314466,1982/05,1.7685974531305266,1992/03,1.6847033073929962,1997/07,1.512086575875486,1965/03,1.8250000000000002,1974/12,1.9937499999999995,1998/01,1.3593871595330738,1989/04,2.574343385214008,1998/11,2.6460457198443574,2008/08,2.879138662893527,2008/04,2.873103112840467,1996/09,5.67601255748143,2006/06,5.787670233463036
1983/12,4.141775733993633,1983/12,3.0282167492041037,1982/12,1.752301467987265,1992/10,1.6768570923240187,1998/03,1.512086575875486,1967/02,1.9937499999999995,1975/08,1.8624999999999998,1998/09,1.3593871595330738,1990/05,2.49052468385214,1999/08,2.597580252918288,2009/04,2.8435959792477306,2008/12,2.8797422178988326,1997/05,5.631349487088787,2016/04,5.274246108949416
1984/07,4.0808166784577296,1984/08,3.013127874071454,1983/08,1.7510943579766538,1993/06,1.6714250972762645,1998/11,1.500619030774673,1969/10,1.9750000000000005,1976/09,1.75,1999/04,1.3680179961089491,1992/12,2.0083596789883273,2000/05,2.551475356679637,2009/11,2.7890077821011676,2010/12,2.914748408206579,1997/12,5.595136186770429,2019/02,5.066663424124513
1985/03,4.018650512911213,1985/03,2.9980389989388048,1984/03,1.7583370180403257,1994/02,1.6726322072868758,1999/06,1.4813052706048815,1971/09,1.9000000000000004,1977/08,1.7687499999999998,2000/02,1.4324173151750976,1994/03,1.9104328793774323,2001/04,2.493725680933853,2016/06,2.4150048638132295,2011/07,2.9116099221789877,1998/08,5.556508666430846,2019/09,5.014516271666078
1985/11,3.94863813229572,1985/11,2.9823465688008497,1984/11,1.7842898832684826,1994/09,1.6840997523876897,2000/02,1.4607844004244779,1972/12,1.9187500000000002,1978/12,1.7125000000000004,2003/08,1.3983919017509727,1995/09,1.8718053590378494,2001/12,2.4548394941634246,2017/07,2.352838698266714,2012/03,2.9123341881853557,1999/04,5.518484701096569,2020/05,4.968646091262823
1986/06,3.856897771489211,1986/07,2.9702754686947292,1985/07,1.7891183233109302,1995/05,1.6871175274142205,2000/10,1.4794946055889637,1973/07,2.05,1980/04,1.6937499999999996,2004/06,1.4124999999999996,1996/03,1.8573200389105056,2003/08,2.3618920233463037,2018/03,2.3232645030067207,2012/11,2.915955518217192,1999/09,5.495549610894942,2020/12,4.932432790944464
1987/01,3.7379848613813236,1987/10,2.9123341881853557,1986/02,1.7867041032897069,1996/01,1.6955672974885037,2001/05,1.4825123806154936,1975/10,2.2750000000000004,1981/09,1.6749999999999998,2010/08,1.5651994163424128,1998/10,1.811583981841764,2004/03,2.3293000530597814,2018/08,2.310438959143969,2013/06,2.926215953307393,2000/08,5.455714980544748,2021/08,4.89863371064733
1990/03,3.3861248673505484,1988/06,2.8724995578351606,1986/10,1.8054143084541918,1996/08,1.709449062610541,2002/01,1.4722519455252918,1976/04,2.1625000000000005,1983/05,1.5999999999999996,2011/02,1.5547665369649808,2000/11,1.7836259727626462,2004/10,2.3117969579059077,2021/10,2.1813083657587544,2014/02,2.941908383445349,2004/11,5.2673303745136195,2021/12,4.858195525291829
1990/10,3.3318049168730104,1989/01,2.833268482490272,1987/06,1.8374027237354085,1997/04,1.7215201627166605,2002/09,1.4837194906261058,1977/02,2.10625,1986/01,1.65625,2012/04,1.4899562256809338,2003/06,1.7835522049286645,2005/06,2.288258312698974,1971/02,5.7625,2014/07,2.94613326848249,2005/06,5.2324750729571985,1974/12,6.793750000000001
1991/06,3.2829169614432265,1989/09,2.793433852140078,1988/01,1.8784444640962148,1997/12,1.7197094977007428,2003/04,1.4988083657587552,1978/04,2.03125,1986/11,1.7312499999999993,2013/11,1.4873408206579413,2004/03,1.7510943579766538,2006/02,2.255666342412451,1971/12,5.706250000000001,2016/02,2.9394941634241247,2006/03,5.193944552529183,1976/01,6.812500000000001
1992/02,3.236443226034666,1990/05,2.7535992217898837,1988/09,1.9279359745313052,1998/07,1.7329877078174745,2003/12,1.5066545808277318,1979/04,1.9562499999999998,1987/12,1.8062499999999995,2014/06,1.4965953307392992,2004/08,1.7510943579766538,2006/09,2.229713477184295,1972/10,5.6312500000000005,1970/06,6.6625000000000005,2007/01,5.1644242461089505,1977/06,6.8500000000000005
1992/09,3.1899694906261056,1990/12,2.7137645914396886,1989/05,1.9798417049876198,1999/02,1.755520428015564,2004/08,1.516311460912628,1979/12,1.9000000000000004,1988/11,1.84375,2015/02,1.5253647859922177,2005/08,1.7824792182525648,2007/04,2.1992339494163424,1973/07,5.5375000000000005,1972/03,6.4750000000000005,2008/01,5.129292315175098,1978/12,6.831250000000001
1993/05,3.1386673151750974,1991/08,2.6684979660417403,1989/12,2.022694110364344,2000/01,1.8361956137247972,2005/03,1.5350216660771139,1989/03,1.8250000000000002,1990/01,1.9187500000000002,2015/10,1.524761230986912,2006/04,1.7999823134064377,2008/01,2.1693579766536963,1974/09,5.5,1973/08,6.3812500000000005,2008/09,5.1009970817120625,1980/04,6.812500000000001
1994/01,3.0801224796604174,1992/04,2.6509948708878666,1990/08,2.0202798903431196,2000/08,1.8440418287937748,2005/11,1.5658029713477184,1992/11,1.7125000000000004,1991/03,1.9375,2016/05,1.5426264591439693,2006/12,1.863010700389105,2010/05,2.129523346303502,1975/11,5.425000000000001,1975/03,6.30625,2009/05,5.097203307392997,1986/09,6.625000000000001
1994/08,3.0227847541563495,1992/11,2.7155752564556064,1991/04,2.007001680226388,2001/04,1.8428347187831626,2006/07,1.594773611602406,1993/08,1.6375000000000002,1993/03,1.8062499999999995,2017/02,1.569625486381323,2008/02,1.8800826848249033,2010/12,2.127109126282278,1979/02,5.1625000000000005,1979/05,6.25,2011/12,4.930561770428016,1987/11,6.550000000000001
1995/04,2.966050583657588,1993/07,2.7928302971347714,1991/11,1.9961376901308805,2001/12,1.8319707286876543,2007/02,1.61951936681995,1994/10,1.5625,1994/08,1.8812499999999996,2019/10,1.527779006013442,2009/06,1.830763618677043,2011/08,2.1005527060488154,1979/08,5.0875,1981/12,6.11875,1987/05,6.362500000000001,1989/02,6.512500000000001
1995/11,2.914748408206579,1994/03,2.8387004775380262,1992/07,1.982255925008844,2002/07,1.830763618677043,2007/10,1.64064379200566,1995/10,1.46875,1995/07,1.8624999999999998,2020/05,1.5235541209763,2010/02,1.8366650453955904,2012/03,2.075203395825964,1990/04,4.28125,1983/01,5.95,1988/03,6.325,1993/11,6.2875000000000005
1996/07,2.861635567739653,1994/10,2.8399075875486384,1993/03,1.9671670498761937,2003/03,1.841024053767244,2008/06,1.6448686770428012,1998/07,1.2625000000000002,2008/08,1.9375,2021/01,1.520053501945526,2011/05,1.8042071984435797,2012/11,2.0631322957198446,1990/12,4.2250000000000005,1985/01,5.78125,1988/11,6.1937500000000005,1995/03,6.231250000000001
1997/03,2.807919172267421,1995/06,2.8406452658884564,1993/10,1.9544923947647685,2003/11,1.8591307039264233,2009/01,1.6376260169791292,1999/05,1.28125,2009/10,1.9562499999999998,2021/09,1.5114830208701804,2012/03,1.7882733463035025,2013/07,2.0534754156349484,1991/05,4.1312500000000005,1986/07,5.5,1990/02,6.137500000000001,1996/03,6.1000000000000005
1997/10,2.7626525468694734,1996/01,2.835481517509728,1994/06,1.9406106296427303,2004/06,1.8736160240537671,2009/09,1.6146909267775031,2001/02,1.3000000000000007,2010/11,1.9187500000000002,2022/02,1.474464980544747,2012/08,1.7776507782101172,2014/02,2.0474398655818886,1992/08,4.05625,1988/05,5.18125,1991/02,6.04375,1997/06,6.025
1998/06,2.730664131588256,1997/03,2.8930204280155642,1995/02,1.9243146444994697,2005/02,1.8917226742129465,2010/04,1.5917558365758753,2002/05,1.2625000000000002,2011/09,1.84375,1994/12,1.4124999999999996,2016/02,1.7311770428015567,2014/10,2.022694110364344,1993/07,4.0375000000000005,1990/12,4.75,1992/06,5.95,1998/04,5.987500000000001
1999/02,2.707729041386629,1997/11,2.914748408206579,1995/09,1.9237110894941631,2005/10,1.9291430845419173,2010/12,1.5784776264591436,2003/03,1.2625000000000002,2012/07,1.7875000000000005,2001/03,1.4124999999999996,2016/11,1.6847033073929962,2015/05,2.006699902723735,1996/04,3.8312500000000007,1991/12,4.525,1994/01,5.8375,2000/12,5.95
1999/09,2.6793619561372486,1998/07,2.9195768482490276,1996/05,1.9237110894941631,2006/05,1.939403519632119,2011/08,1.5784776264591436,2004/02,1.2437499999999995,1984/05,1.65625,2002/03,1.3937499999999998,2018/08,1.6315904669260703,2016/01,2.020883445348426,1997/06,3.71875,1993/03,4.2625,1995/09,5.78125,2001/12,5.893750000000001
2000/05,2.6467699858507254,1999/02,2.907505748142907,1996/12,1.9237110894941631,2007/01,1.9291430845419173,2012/03,1.5754598514326137,2007/03,1.3000000000000007,1985/04,1.6749999999999998,2005/03,1.4124999999999996,2019/12,1.6352117969579059,2016/08,2.0318336575875486,1998/08,3.625,1994/03,4.075,2002/11,5.40625,2004/02,5.81875
2001/01,2.6165922355854265,1999/10,2.8984524230633184,1997/08,1.930953749557835,2007/09,1.942421294658649,2012/11,1.5615780863105773,2008/03,1.3375000000000004,,,2006/02,1.4500000000000002,2020/08,1.6382295719844358,2017/05,2.0033803501945524,1999/08,3.55,2000/01,3.2124999999999995,2003/11,5.331250000000001,2007/08,5.7625
2001/08,2.5882251503360454,2000/06,2.8851742129465867,1998/04,1.9490603997170153,2008/01,1.9392023346303509,2013/07,1.551921206225681,2008/11,1.3000000000000007,,,2007/07,1.5062499999999996,2021/03,1.6448686770428012,2017/12,1.9739785992217902,2000/05,3.5125,2001/01,3.1375,2009/11,5.012500000000001,2008/09,5.725
2002/04,2.559858065086665,2001/01,2.864653342766183,1998/11,1.9514746197382378,2010/01,1.9774274849663955,2014/02,1.551921206225681,2012/12,1.3000000000000007,,,2008/09,1.5625,1964/04,5.8375,2018/12,1.9442319596745667,2001/05,3.4375,2010/02,2.875000000000001,2012/01,4.9375,2009/09,5.65
2002/12,2.531490979837283,2001/09,2.844736027591086,1999/07,1.9774274849663955,2010/09,1.9647528298549695,2014/10,1.551921206225681,2013/10,1.4124999999999996,,,2009/09,1.5250000000000004,1970/08,5.275,2019/09,1.8852042801556426,2002/02,3.3999999999999995,2015/08,2.85625,2010/12,4.956250000000001,2010/09,5.612500000000001
2003/07,2.5055381146091262,2002/05,2.8453395825963925,2000/03,2.000966130173329,2011/04,1.950871064732933,2015/06,1.5489034311991512,2017/01,1.5625,,,,,1970/11,5.125,2020/03,1.8573200389105056,2003/03,3.3625,2017/06,2.78125,2012/12,4.825,2012/03,5.518750000000001
2004/03,2.4765674743544395,2002/12,2.8851742129465867,2000/06,7.792679961089495,2011/12,1.9502675097276265,2016/01,1.5440749911567035,2018/03,1.5250000000000004,,,,,1972/04,4.825,2020/08,1.8241245136186768,2003/12,3.26875,2019/10,2.6500000000000004,2013/12,4.7125,2013/03,5.4625
2004/10,2.451218164131588,2003/08,2.8712924478245494,2000/10,1.9858772550406796,2012/08,1.946646179695791,2016/07,1.5386429961089494,2019/05,1.5437499999999993,,,,,1972/10,4.7125,1987/12,3.4375,2010/02,2.7625,2021/07,2.6125000000000007,2014/12,4.656250000000001,2014/04,5.387500000000001
2005/06,2.4252652989034313,2004/04,2.8326649274849665,2001/06,1.9732025999292535,2013/03,1.9369892996108948,2017/12,1.4559559603820302,2020/10,1.5250000000000004,,,,,1973/08,4.356250000000001,1988/09,3.3625,2011/02,2.7250000000000005,1963/06,6.9625,2016/04,4.6,2015/05,5.3500000000000005
2006/02,2.4005195436858866,2004/11,2.7922267421294666,2002/02,1.969581269897418,2013/11,1.9436284046692611,2018/07,1.4414706402546873,2021/10,1.46875,,,,,1974/01,4.2250000000000005,1989/06,3.2874999999999996,2012/10,2.6312499999999996,,,2017/08,4.525,2017/02,5.237500000000001
2006/09,2.3781880084895652,2005/07,2.7970551821719134,2002/09,1.9840665900247618,2014/07,1.9321608595684472,2019/03,1.411896444994695,,,,,,,1974/06,4,1990/06,3.2124999999999995,2013/12,2.575,,,2018/10,4.487500000000001,2017/10,5.200000000000001
2007/05,2.3576671383091616,2006/03,2.823008047400071,2003/05,1.9949305801202692,2015/02,1.9062079943402903,2019/10,1.36904403961797,,,,,,,1975/09,3.5875000000000004,1991/04,3.1375,2015/02,2.48125,,,2020/01,4.393750000000001,1964/12,6.53125
2008/01,2.3407675981605944,2006/10,2.8296471524584366,2004/01,1.999759020162717,2015/10,1.876633799080297,2020/06,1.3708547046338877,,,,,,,1977/01,3.1375,1971/08,5.03125,2015/11,2.48125,,,2020/10,4.3187500000000005,1961/02,6.4375
2008/08,2.322660948001415,2007/06,2.869414721141375,2004/08,2.0033803501945524,2016/06,1.8561129288998943,2021/02,1.3811151397240886,,,,,,,1978/06,3.04375,1972/06,4.91875,2019/09,2.2750000000000004,,,2021/08,4.2625,,
2009/04,2.3051578528475423,2008/02,2.904306906614787,2005/04,2.01122656526353,2017/01,1.8386098337460206,2021/09,1.327398744251857,,,,,,,1979/08,2.9875000000000007,1973/11,4.75,2020/07,2.2375,,,1964/12,6.812500000000001,,
2009/12,2.290068977714892,2008/09,2.906298638132296,2005/12,2.045629200565971,2017/09,1.825331623629289,2022/02,1.283037451361868,,,,,,,1980/10,3.0250000000000004,1975/02,4.656250000000001,1960/09,6.0625,,,1965/09,6.737500000000001,,
2010/07,2.275583657587549,2009/12,2.963636363636364,2006/07,2.0607180756986203,2018/05,1.8168818535550049,,,,,,,,,1987/02,2.7625,1975/11,4.543750000000001,1961/07,6.025,,,1976/11,6.700000000000001,,
2011/03,2.261098337460205,2011/04,2.9328550583657593,2007/03,2.062528740714538,2018/12,1.8005858684117442,,,,,,,,,1987/07,2.6500000000000004,1981/04,4.018750000000001,1963/04,6.0625,,,,,,
2011/11,2.24540590732225,2011/11,2.977518128758401,2007/11,2.034161655465158,2019/08,1.7842898832684826,,,,,,,,,1990/12,2.3875,1983/03,3.8687500000000004,,,,,,,,
2012/06,2.2321276972055184,2012/07,2.983553678811461,2008/06,1.9931199151043515,2020/03,1.773224708171207,,,,,,,,,1991/07,2.2,1965/01,5.668750000000001,,,,,,,,
2013/02,2.212813937035727,2013/03,2.976311018747789,2009/02,1.9472497347010966,,,,,,,,,,,1992/01,2.05,2002/06,2.4250000000000007,,,,,,,,
2013/10,2.178411301733286,2013/10,3.008902989034312,2009/10,1.9007759992925362,,,,,,,,,,,,,2009/03,2.1625000000000005,,,,,,,,
2014/05,2.1361624513618676,2014/06,3.0258025291828794,2010/05,1.8645626989741775,,,,,,,,,,,,,,,,,,,,,,
2015/01,2.088481605942696,2015/02,3.0324416342412457,2011/01,1.8446453837990804,,,,,,,,,,,,,,,,,,,,,,
2015/09,2.0528718606296428,2015/09,3.045116289352671,2011/08,1.8331778386982664,,,,,,,,,,,,,,,,,,,,,,
2016/04,2.0214870003537317,2016/05,3.052358949416343,2012/04,1.8229174036080655,,,,,,,,,,,,,,,,,,,,,,
2016/12,1.9937234701096562,2017/01,3.052358949416343,2012/12,1.8060178634594974,,,,,,,,,,,,,,,,,,,,,,
2017/07,1.9683741598868059,2017/08,3.0439091793420587,2013/07,1.8042071984435797,,,,,,,,,,,,,,,,,,,,,,
2018/03,1.9327644145737528,2018/04,3.0197669791298196,2014/03,1.8042071984435797,,,,,,,,,,,,,,,,,,,,,,
2018/11,1.8778409090909092,2018/12,2.969068358684118,2014/11,1.7969645383799078,,,,,,,,,,,,,,,,,,,,,,
2019/06,1.8573200389105056,2019/07,2.8936239830208708,2015/06,1.783686328263176,,,,,,,,,,,,,,,,,,,,,,
2020/02,1.848266713830916,2020/03,2.8537893526706757,2016/02,1.7655796781039967,,,,,,,,,,,,,,,,,,,,,,
2020/10,1.7969645383799078,2020/11,2.9195768482490276,2016/10,1.7305734877962502,,,,,,,,,,,,,,,,,,,,,,
2021/05,1.7613547930668547,2021/06,2.9141448532012735,2017/05,1.703413512557482,,,,,,,,,,,,,,,,,,,,,,
2021/12,1.7510943579766538,2021/12,2.8503404669260703,2018/01,1.6798748673505486,,,,,,,,,,,,,,,,,,,,,,
,,2009/04,2.96875,2018/09,1.6659931022285104,,,,,,,,,,,,,,,,,,,,,,
,,2010/08,2.9875000000000007,2019/04,1.6382295719844358,,,,,,,,,,,,,,,,,,,,,,
,,1986/12,2.9875000000000007,2019/12,1.5959807216130173,,,,,,,,,,,,,,,,,,,,,,
,,,,2020/08,1.6002056066501593,,,,,,,,,,,,,,,,,,,,,,
,,,,2021/03,1.6122767067562789,,,,,,,,,,,,,,,,,,,,,,
,,,,2021/11,1.6171051467987265,,,,,,,,,,,,,,,,,,,,,,
,,,,2022/03,1.6183122568093387,,,,,,,,,,,,,,,,,,,,,,
